start_iso,iso,rel_s,state,x,y,rect_w,rect_h,iti_ms,event,outside_in_trial,max_outside_before_fail,trial_outcome,iti_kind,release_dwell_required_ms,release_dwell_elapsed_ms
2026-03-27T15:05:19.465,2026-03-27T15:06:33.700,74.235068,SHOW,941,891,1920,1080,2185,TOUCH_TTL,0,,success,correct,,
2026-03-27T15:05:19.465,2026-03-27T15:06:35.889,76.424176,WAIT_RELEASE,-1,-1,1920,1080,0,RELEASE_DWELL_WILL_REQUIRE,,,,,2000,
2026-03-27T15:05:19.465,2026-03-27T15:06:35.889,76.424227,WAIT_RELEASE,-1,-1,1920,1080,0,RELEASE_DWELL_START,,,,,2000,
2026-03-27T15:05:19.465,2026-03-27T15:06:37.889,78.424840,WAIT_RELEASE,-1,-1,1920,1080,0,RELEASE_DWELL_OK,,,,,,2000
2026-03-27T15:05:19.465,2026-03-27T15:06:38.630,79.164953,SHOW,976,850,1920,1080,2018,TOUCH_TTL,0,,success,correct,,
2026-03-27T15:05:19.465,2026-03-27T15:06:40.650,81.185422,WAIT_RELEASE,-1,-1,1920,1080,0,RELEASE_DWELL_WILL_REQUIRE,,,,,2000,
2026-03-27T15:05:19.465,2026-03-27T15:06:40.650,81.185471,WAIT_RELEASE,-1,-1,1920,1080,0,RELEASE_DWELL_START,,,,,2000,
2026-03-27T15:05:19.465,2026-03-27T15:06:42.652,83.186852,WAIT_RELEASE,-1,-1,1920,1080,0,RELEASE_DWELL_OK,,,,,,2001
2026-03-27T15:05:19.465,2026-03-27T15:06:43.552,84.087303,SHOW,967,845,1920,1080,2477,TOUCH_TTL,0,,success,correct,,
2026-03-27T15:05:19.465,2026-03-27T15:06:46.030,86.565294,WAIT_RELEASE,-1,-1,1920,1080,0,RELEASE_DWELL_WILL_REQUIRE,,,,,2000,
2026-03-27T15:05:19.465,2026-03-27T15:06:46.030,86.565343,WAIT_RELEASE,-1,-1,1920,1080,0,RELEASE_DWELL_START,,,,,2000,
2026-03-27T15:05:19.465,2026-03-27T15:06:48.031,88.566126,WAIT_RELEASE,-1,-1,1920,1080,0,RELEASE_DWELL_OK,,,,,,2000
2026-03-27T15:05:19.465,2026-03-27T15:06:48.637,89.172249,SHOW,971,848,1920,1080,2204,TOUCH_TTL,0,,success,correct,,
2026-03-27T15:05:19.465,2026-03-27T15:06:50.843,91.378199,WAIT_RELEASE,-1,-1,1920,1080,0,RELEASE_DWELL_WILL_REQUIRE,,,,,2000,
2026-03-27T15:05:19.465,2026-03-27T15:06:50.843,91.378248,WAIT_RELEASE,-1,-1,1920,1080,0,RELEASE_DWELL_START,,,,,2000,
2026-03-27T15:05:19.465,2026-03-27T15:06:52.845,93.380658,WAIT_RELEASE,-1,-1,1920,1080,0,RELEASE_DWELL_OK,,,,,,2002
2026-03-27T15:05:19.465,2026-03-27T15:06:54.916,95.451366,SHOW,818,647,1920,1080,1699,TOUCH_TTL,0,,success,correct,,
2026-03-27T15:05:19.465,2026-03-27T15:06:56.615,97.150627,WAIT_RELEASE,-1,-1,1920,1080,0,RELEASE_DWELL_WILL_REQUIRE,,,,,2000,
2026-03-27T15:05:19.465,2026-03-27T15:06:56.615,97.150675,WAIT_RELEASE,-1,-1,1920,1080,0,RELEASE_DWELL_START,,,,,2000,
2026-03-27T15:05:19.465,2026-03-27T15:06:58.618,99.153110,WAIT_RELEASE,-1,-1,1920,1080,0,RELEASE_DWELL_OK,,,,,,2002
2026-03-27T15:05:19.465,2026-03-27T15:07:02.789,103.324195,SHOW,818,647,1920,1080,1654,TOUCH_TTL,0,,success,correct,,
2026-03-27T15:05:19.465,2026-03-27T15:07:04.446,104.981554,WAIT_RELEASE,-1,-1,1920,1080,0,RELEASE_DWELL_WILL_REQUIRE,,,,,2000,
2026-03-27T15:05:19.465,2026-03-27T15:07:04.446,104.981604,WAIT_RELEASE,-1,-1,1920,1080,0,RELEASE_DWELL_START,,,,,2000,
2026-03-27T15:05:19.465,2026-03-27T15:07:06.449,106.984791,WAIT_RELEASE,-1,-1,1920,1080,0,RELEASE_DWELL_OK,,,,,,2003
2026-03-27T15:05:19.465,2026-03-27T15:07:09.036,109.571133,SHOW,818,647,1920,1080,1308,TOUCH_TTL,0,,success,correct,,
2026-03-27T15:05:19.465,2026-03-27T15:07:10.345,110.880415,WAIT_RELEASE,-1,-1,1920,1080,0,RELEASE_DWELL_WILL_REQUIRE,,,,,2000,
2026-03-27T15:05:19.465,2026-03-27T15:07:10.345,110.880464,WAIT_RELEASE,-1,-1,1920,1080,0,RELEASE_DWELL_START,,,,,2000,
2026-03-27T15:05:19.465,2026-03-27T15:07:12.346,112.881797,WAIT_RELEASE,-1,-1,1920,1080,0,RELEASE_DWELL_OK,,,,,,2001
2026-03-27T15:05:19.465,2026-03-27T15:07:14.126,114.660900,SHOW,818,647,1920,1080,1009,TOUCH_TTL,0,,success,correct,,
2026-03-27T15:05:19.465,2026-03-27T15:07:15.138,115.673348,WAIT_RELEASE,-1,-1,1920,1080,0,RELEASE_DWELL_WILL_REQUIRE,,,,,2000,
2026-03-27T15:05:19.465,2026-03-27T15:07:15.138,115.673397,WAIT_RELEASE,-1,-1,1920,1080,0,RELEASE_DWELL_START,,,,,2000,
2026-03-27T15:05:19.465,2026-03-27T15:07:17.138,117.673433,WAIT_RELEASE,-1,-1,1920,1080,0,RELEASE_DWELL_OK,,,,,,2000
2026-03-27T15:05:19.465,2026-03-27T15:07:18.641,119.176465,SHOW,818,647,1920,1080,1626,TOUCH_TTL,0,,success,correct,,
2026-03-27T15:05:19.465,2026-03-27T15:07:20.269,120.804216,WAIT_RELEASE,-1,-1,1920,1080,0,RELEASE_DWELL_WILL_REQUIRE,,,,,2000,
2026-03-27T15:05:19.465,2026-03-27T15:07:20.269,120.804266,WAIT_RELEASE,-1,-1,1920,1080,0,RELEASE_DWELL_START,,,,,2000,
2026-03-27T15:05:19.465,2026-03-27T15:07:22.271,122.805961,WAIT_RELEASE,-1,-1,1920,1080,0,RELEASE_DWELL_OK,,,,,,2001
2026-03-27T15:05:19.465,2026-03-27T15:07:27.213,127.748299,SHOW,818,647,1920,1080,2400,TOUCH_TTL,0,,success,correct,,
2026-03-27T15:05:19.465,2026-03-27T15:07:29.615,130.150432,WAIT_RELEASE,-1,-1,1920,1080,0,RELEASE_DWELL_WILL_REQUIRE,,,,,2000,
2026-03-27T15:05:19.465,2026-03-27T15:07:29.615,130.150486,WAIT_RELEASE,-1,-1,1920,1080,0,RELEASE_DWELL_START,,,,,2000,
2026-03-27T15:05:19.465,2026-03-27T15:07:31.615,132.150746,WAIT_RELEASE,-1,-1,1920,1080,0,RELEASE_DWELL_OK,,,,,,2000
2026-03-27T15:05:19.465,2026-03-27T15:07:39.828,140.363636,SHOW,818,647,1920,1080,1189,TOUCH_TTL,0,,success,correct,,
2026-03-27T15:05:19.465,2026-03-27T15:07:41.017,141.552786,WAIT_RELEASE,-1,-1,1920,1080,0,RELEASE_DWELL_WILL_REQUIRE,,,,,2000,
2026-03-27T15:05:19.465,2026-03-27T15:07:41.017,141.552836,WAIT_RELEASE,-1,-1,1920,1080,0,RELEASE_DWELL_START,,,,,2000,
2026-03-27T15:05:19.465,2026-03-27T15:07:43.021,143.556840,WAIT_RELEASE,-1,-1,1920,1080,0,RELEASE_DWELL_OK,,,,,,2004
2026-03-27T15:05:19.465,2026-03-27T15:07:45.782,146.317201,SHOW,818,647,1920,1080,1383,TOUCH_TTL,0,,success,correct,,
2026-03-27T15:05:19.465,2026-03-27T15:07:47.169,147.704323,WAIT_RELEASE,-1,-1,1920,1080,0,RELEASE_DWELL_WILL_REQUIRE,,,,,2000,
2026-03-27T15:05:19.465,2026-03-27T15:07:47.169,147.704376,WAIT_RELEASE,-1,-1,1920,1080,0,RELEASE_DWELL_START,,,,,2000,
2026-03-27T15:05:19.465,2026-03-27T15:07:49.173,149.708383,WAIT_RELEASE,-1,-1,1920,1080,0,RELEASE_DWELL_OK,,,,,,2004
2026-03-27T15:05:19.465,2026-03-27T15:07:59.110,159.645312,SHOW,625,931,1920,1080,2192,TOUCH_TTL,0,,success,correct,,
2026-03-27T15:05:19.465,2026-03-27T15:08:01.302,161.837390,WAIT_RELEASE,-1,-1,1920,1080,0,RELEASE_DWELL_WILL_REQUIRE,,,,,2000,
2026-03-27T15:05:19.465,2026-03-27T15:08:01.302,161.837440,WAIT_RELEASE,-1,-1,1920,1080,0,RELEASE_DWELL_START,,,,,2000,
2026-03-27T15:05:19.465,2026-03-27T15:08:03.305,163.839873,WAIT_RELEASE,-1,-1,1920,1080,0,RELEASE_DWELL_OK,,,,,,2002
2026-03-27T15:05:19.465,2026-03-27T15:08:07.038,167.573477,SHOW,625,931,1920,1080,2193,TOUCH_TTL,0,,success,correct,,
2026-03-27T15:05:19.465,2026-03-27T15:08:09.232,169.767526,WAIT_RELEASE,-1,-1,1920,1080,0,RELEASE_DWELL_WILL_REQUIRE,,,,,2000,
2026-03-27T15:05:19.465,2026-03-27T15:08:09.232,169.767576,WAIT_RELEASE,-1,-1,1920,1080,0,RELEASE_DWELL_START,,,,,2000,
2026-03-27T15:05:19.465,2026-03-27T15:08:11.236,171.770920,WAIT_RELEASE,-1,-1,1920,1080,0,RELEASE_DWELL_OK,,,,,,2003
2026-03-27T15:05:19.465,2026-03-27T15:08:14.663,175.198267,SHOW,625,931,1920,1080,1751,TOUCH_TTL,0,,success,correct,,
2026-03-27T15:05:19.465,2026-03-27T15:08:16.415,176.949984,WAIT_RELEASE,-1,-1,1920,1080,0,RELEASE_DWELL_WILL_REQUIRE,,,,,2000,
2026-03-27T15:05:19.465,2026-03-27T15:08:16.415,176.950036,WAIT_RELEASE,-1,-1,1920,1080,0,RELEASE_DWELL_START,,,,,2000,
2026-03-27T15:05:19.465,2026-03-27T15:08:18.418,178.953648,WAIT_RELEASE,-1,-1,1920,1080,0,RELEASE_DWELL_OK,,,,,,2003
2026-03-27T15:05:19.465,2026-03-27T15:08:22.926,183.461668,SHOW,625,931,1920,1080,1403,TOUCH_TTL,0,,success,correct,,
2026-03-27T15:05:19.465,2026-03-27T15:08:24.333,184.868553,WAIT_RELEASE,-1,-1,1920,1080,0,RELEASE_DWELL_WILL_REQUIRE,,,,,2000,
2026-03-27T15:05:19.465,2026-03-27T15:08:24.333,184.868605,WAIT_RELEASE,-1,-1,1920,1080,0,RELEASE_DWELL_START,,,,,2000,
2026-03-27T15:05:19.465,2026-03-27T15:08:26.333,186.868771,WAIT_RELEASE,-1,-1,1920,1080,0,RELEASE_DWELL_OK,,,,,,2000
2026-03-27T15:05:19.465,2026-03-27T15:08:29.253,189.788491,SHOW,625,931,1920,1080,1766,TOUCH_TTL,0,,success,correct,,
2026-03-27T15:05:19.465,2026-03-27T15:08:31.021,191.556296,WAIT_RELEASE,-1,-1,1920,1080,0,RELEASE_DWELL_WILL_REQUIRE,,,,,2000,
2026-03-27T15:05:19.465,2026-03-27T15:08:31.021,191.556347,WAIT_RELEASE,-1,-1,1920,1080,0,RELEASE_DWELL_START,,,,,2000,
2026-03-27T15:05:19.465,2026-03-27T15:08:33.023,193.558469,WAIT_RELEASE,-1,-1,1920,1080,0,RELEASE_DWELL_OK,,,,,,2002
2026-03-27T15:05:19.465,2026-03-27T15:08:35.192,195.727225,SHOW,625,931,1920,1080,2245,TOUCH_TTL,0,,success,correct,,
2026-03-27T15:05:19.465,2026-03-27T15:08:37.439,197.974422,WAIT_RELEASE,-1,-1,1920,1080,0,RELEASE_DWELL_WILL_REQUIRE,,,,,2000,
2026-03-27T15:05:19.465,2026-03-27T15:08:37.439,197.974476,WAIT_RELEASE,-1,-1,1920,1080,0,RELEASE_DWELL_START,,,,,2000,
2026-03-27T15:05:19.465,2026-03-27T15:08:39.439,199.974536,WAIT_RELEASE,-1,-1,1920,1080,0,RELEASE_DWELL_OK,,,,,,2000
2026-03-27T15:05:19.465,2026-03-27T15:08:41.337,201.872134,SHOW,625,931,1920,1080,1924,TOUCH_TTL,0,,success,correct,,
2026-03-27T15:05:19.465,2026-03-27T15:08:43.261,203.796362,WAIT_RELEASE,-1,-1,1920,1080,0,RELEASE_DWELL_WILL_REQUIRE,,,,,2000,
2026-03-27T15:05:19.465,2026-03-27T15:08:43.261,203.796414,WAIT_RELEASE,-1,-1,1920,1080,0,RELEASE_DWELL_START,,,,,2000,
2026-03-27T15:05:19.465,2026-03-27T15:08:45.263,205.798352,WAIT_RELEASE,-1,-1,1920,1080,0,RELEASE_DWELL_OK,,,,,,2001
2026-03-27T15:05:19.465,2026-03-27T15:08:47.358,207.893031,SHOW,625,931,1920,1080,2698,TOUCH_TTL,0,,success,correct,,
2026-03-27T15:05:19.465,2026-03-27T15:08:50.059,210.594329,WAIT_RELEASE,-1,-1,1920,1080,0,RELEASE_DWELL_WILL_REQUIRE,,,,,2000,
2026-03-27T15:05:19.465,2026-03-27T15:08:50.059,210.594381,WAIT_RELEASE,-1,-1,1920,1080,0,RELEASE_DWELL_START,,,,,2000,
2026-03-27T15:05:19.465,2026-03-27T15:08:52.061,212.596745,WAIT_RELEASE,-1,-1,1920,1080,0,RELEASE_DWELL_OK,,,,,,2002
2026-03-27T15:05:19.465,2026-03-27T15:08:53.461,213.996003,SHOW,625,931,1920,1080,2662,TOUCH_TTL,0,,success,correct,,
2026-03-27T15:05:19.465,2026-03-27T15:08:56.125,216.660094,WAIT_RELEASE,-1,-1,1920,1080,0,RELEASE_DWELL_WILL_REQUIRE,,,,,2000,
2026-03-27T15:05:19.465,2026-03-27T15:08:56.125,216.660143,WAIT_RELEASE,-1,-1,1920,1080,0,RELEASE_DWELL_START,,,,,2000,
2026-03-27T15:05:19.465,2026-03-27T15:08:58.129,218.663933,WAIT_RELEASE,-1,-1,1920,1080,0,RELEASE_DWELL_OK,,,,,,2003
2026-03-27T15:05:19.465,2026-03-27T15:08:59.068,219.603137,SHOW,766,1076,1920,1080,2691,TOUCH_TTL,0,,success,correct,,
2026-03-27T15:05:19.465,2026-03-27T15:09:01.762,222.297510,WAIT_RELEASE,-1,-1,1920,1080,0,RELEASE_DWELL_WILL_REQUIRE,,,,,2000,
2026-03-27T15:05:19.465,2026-03-27T15:09:01.762,222.297559,WAIT_RELEASE,-1,-1,1920,1080,0,RELEASE_DWELL_START,,,,,2000,
2026-03-27T15:05:19.465,2026-03-27T15:09:03.764,224.299814,WAIT_RELEASE,-1,-1,1920,1080,0,RELEASE_DWELL_OK,,,,,,2002
2026-03-27T15:05:19.465,2026-03-27T15:09:06.097,226.632782,SHOW,877,1073,1920,1080,2732,TOUCH_TTL,0,,success,correct,,
2026-03-27T15:05:19.465,2026-03-27T15:09:08.832,229.366941,WAIT_RELEASE,-1,-1,1920,1080,0,RELEASE_DWELL_WILL_REQUIRE,,,,,2000,
2026-03-27T15:05:19.465,2026-03-27T15:09:08.832,229.366991,WAIT_RELEASE,-1,-1,1920,1080,0,RELEASE_DWELL_START,,,,,2000,
2026-03-27T15:05:19.465,2026-03-27T15:09:10.832,231.367345,WAIT_RELEASE,-1,-1,1920,1080,0,RELEASE_DWELL_OK,,,,,,2000
2026-03-27T15:05:19.465,2026-03-27T15:09:18.950,239.485081,SHOW,879,1077,1920,1080,2737,TOUCH_TTL,0,,success,correct,,
2026-03-27T15:05:19.465,2026-03-27T15:09:21.688,242.222985,WAIT_RELEASE,-1,-1,1920,1080,0,RELEASE_DWELL_WILL_REQUIRE,,,,,2000,
2026-03-27T15:05:19.465,2026-03-27T15:09:21.688,242.223034,WAIT_RELEASE,-1,-1,1920,1080,0,RELEASE_DWELL_START,,,,,2000,
2026-03-27T15:05:19.465,2026-03-27T15:09:23.690,244.225051,WAIT_RELEASE,-1,-1,1920,1080,0,RELEASE_DWELL_OK,,,,,,2002
2026-03-27T15:05:19.465,2026-03-27T15:09:25.129,245.663932,SHOW,888,1079,1920,1080,2988,TOUCH_TTL,0,,success,correct,,
2026-03-27T15:05:19.465,2026-03-27T15:09:28.117,248.652290,WAIT_RELEASE,-1,-1,1920,1080,0,RELEASE_DWELL_WILL_REQUIRE,,,,,2000,
2026-03-27T15:05:19.465,2026-03-27T15:09:28.117,248.652337,WAIT_RELEASE,-1,-1,1920,1080,0,RELEASE_DWELL_START,,,,,2000,
2026-03-27T15:05:19.465,2026-03-27T15:09:30.117,250.652750,WAIT_RELEASE,-1,-1,1920,1080,0,RELEASE_DWELL_OK,,,,,,2000
2026-03-27T15:05:19.465,2026-03-27T15:09:31.581,252.116361,SHOW,1047,1079,1920,1080,1481,TOUCH_TTL,0,,success,correct,,
2026-03-27T15:05:19.465,2026-03-27T15:09:33.066,253.601482,WAIT_RELEASE,-1,-1,1920,1080,0,RELEASE_DWELL_WILL_REQUIRE,,,,,2000,
2026-03-27T15:05:19.465,2026-03-27T15:09:33.066,253.601533,WAIT_RELEASE,-1,-1,1920,1080,0,RELEASE_DWELL_START,,,,,2000,
2026-03-27T15:05:19.465,2026-03-27T15:09:35.068,255.603119,WAIT_RELEASE,-1,-1,1920,1080,0,RELEASE_DWELL_OK,,,,,,2001
2026-03-27T15:05:19.465,2026-03-27T15:09:36.159,256.694786,SHOW,1056,1079,1920,1080,1484,TOUCH_TTL,0,,success,correct,,
2026-03-27T15:05:19.465,2026-03-27T15:09:37.644,258.179591,WAIT_RELEASE,-1,-1,1920,1080,0,RELEASE_DWELL_WILL_REQUIRE,,,,,2000,
2026-03-27T15:05:19.465,2026-03-27T15:09:37.644,258.179641,WAIT_RELEASE,-1,-1,1920,1080,0,RELEASE_DWELL_START,,,,,2000,
2026-03-27T15:05:19.465,2026-03-27T15:09:39.647,260.182803,WAIT_RELEASE,-1,-1,1920,1080,0,RELEASE_DWELL_OK,,,,,,2003
2026-03-27T15:05:19.465,2026-03-27T15:09:40.565,261.100289,SHOW,1057,1079,1920,1080,2865,TOUCH_TTL,0,,success,correct,,
2026-03-27T15:05:19.465,2026-03-27T15:09:43.433,263.968048,WAIT_RELEASE,-1,-1,1920,1080,0,RELEASE_DWELL_WILL_REQUIRE,,,,,2000,
2026-03-27T15:05:19.465,2026-03-27T15:09:43.433,263.968097,WAIT_RELEASE,-1,-1,1920,1080,0,RELEASE_DWELL_START,,,,,2000,
2026-03-27T15:05:19.465,2026-03-27T15:09:45.179,265.714687,WAIT_RELEASE,-1,-1,1920,1080,0,RELEASE_DWELL_RESET,,,,,,1746
2026-03-27T15:05:19.465,2026-03-27T15:09:45.314,265.849100,WAIT_RELEASE,-1,-1,1920,1080,0,RELEASE_DWELL_START,,,,,2000,
2026-03-27T15:05:19.465,2026-03-27T15:09:47.314,267.849714,WAIT_RELEASE,-1,-1,1920,1080,0,RELEASE_DWELL_OK,,,,,,2000
2026-03-27T15:05:19.465,2026-03-27T15:09:48.213,268.747980,SHOW,1057,1079,1920,1080,2071,TOUCH_TTL,0,,success,correct,,
2026-03-27T15:05:19.465,2026-03-27T15:09:50.284,270.819320,WAIT_RELEASE,-1,-1,1920,1080,0,RELEASE_DWELL_WILL_REQUIRE,,,,,2000,
2026-03-27T15:05:19.465,2026-03-27T15:09:50.284,270.819370,WAIT_RELEASE,-1,-1,1920,1080,0,RELEASE_DWELL_START,,,,,2000,
2026-03-27T15:05:19.465,2026-03-27T15:09:52.288,272.822914,WAIT_RELEASE,-1,-1,1920,1080,0,RELEASE_DWELL_OK,,,,,,2003
2026-03-27T15:05:19.465,2026-03-27T15:09:53.460,273.994958,SHOW,1057,1079,1920,1080,1264,TOUCH_TTL,0,,success,correct,,
2026-03-27T15:05:19.465,2026-03-27T15:09:54.724,275.259307,WAIT_RELEASE,-1,-1,1920,1080,0,RELEASE_DWELL_WILL_REQUIRE,,,,,2000,
2026-03-27T15:05:19.465,2026-03-27T15:09:54.724,275.259355,WAIT_RELEASE,-1,-1,1920,1080,0,RELEASE_DWELL_START,,,,,2000,
2026-03-27T15:05:19.465,2026-03-27T15:09:56.726,277.261486,WAIT_RELEASE,-1,-1,1920,1080,0,RELEASE_DWELL_OK,,,,,,2002
2026-03-27T15:05:19.465,2026-03-27T15:09:57.707,278.241943,SHOW,1221,1049,1920,1080,1173,TOUCH_TTL,0,,success,correct,,
2026-03-27T15:05:19.465,2026-03-27T15:09:58.880,279.415080,WAIT_RELEASE,-1,-1,1920,1080,0,RELEASE_DWELL_WILL_REQUIRE,,,,,2000,
2026-03-27T15:05:19.465,2026-03-27T15:09:58.880,279.415129,WAIT_RELEASE,-1,-1,1920,1080,0,RELEASE_DWELL_START,,,,,2000,
2026-03-27T15:05:19.465,2026-03-27T15:10:00.883,281.418471,WAIT_RELEASE,-1,-1,1920,1080,0,RELEASE_DWELL_OK,,,,,,2003
2026-03-27T15:05:19.465,2026-03-27T15:10:02.300,282.835199,SHOW,1138,1037,1920,1080,1570,TOUCH_TTL,0,,success,correct,,
2026-03-27T15:05:19.465,2026-03-27T15:10:03.872,284.407044,WAIT_RELEASE,-1,-1,1920,1080,0,RELEASE_DWELL_WILL_REQUIRE,,,,,2000,
2026-03-27T15:05:19.465,2026-03-27T15:10:03.872,284.407095,WAIT_RELEASE,-1,-1,1920,1080,0,RELEASE_DWELL_START,,,,,2000,
2026-03-27T15:05:19.465,2026-03-27T15:10:05.874,286.409349,WAIT_RELEASE,-1,-1,1920,1080,0,RELEASE_DWELL_OK,,,,,,2002
2026-03-27T15:05:19.465,2026-03-27T15:10:07.054,287.589164,SHOW,1139,1041,1920,1080,2697,TOUCH_TTL,0,,success,correct,,
2026-03-27T15:05:19.465,2026-03-27T15:10:09.753,290.288500,WAIT_RELEASE,-1,-1,1920,1080,0,RELEASE_DWELL_WILL_REQUIRE,,,,,2000,
2026-03-27T15:05:19.465,2026-03-27T15:10:09.753,290.288548,WAIT_RELEASE,-1,-1,1920,1080,0,RELEASE_DWELL_START,,,,,2000,
2026-03-27T15:05:19.465,2026-03-27T15:10:11.756,292.291117,WAIT_RELEASE,-1,-1,1920,1080,0,RELEASE_DWELL_OK,,,,,,2002
2026-03-27T15:05:19.465,2026-03-27T15:10:12.563,293.098412,SHOW,1139,1042,1920,1080,2319,TOUCH_TTL,0,,success,correct,,
2026-03-27T15:05:19.465,2026-03-27T15:10:14.882,295.417672,WAIT_RELEASE,-1,-1,1920,1080,0,RELEASE_DWELL_WILL_REQUIRE,,,,,2000,
2026-03-27T15:05:19.465,2026-03-27T15:10:14.882,295.417720,WAIT_RELEASE,-1,-1,1920,1080,0,RELEASE_DWELL_START,,,,,2000,
2026-03-27T15:05:19.465,2026-03-27T15:10:16.883,297.418540,WAIT_RELEASE,-1,-1,1920,1080,0,RELEASE_DWELL_OK,,,,,,2000
2026-03-27T15:05:19.465,2026-03-27T15:10:17.839,298.374455,SHOW,1139,1042,1920,1080,2009,TOUCH_TTL,0,,success,correct,,
2026-03-27T15:05:19.465,2026-03-27T15:10:19.849,300.383969,WAIT_RELEASE,-1,-1,1920,1080,0,RELEASE_DWELL_WILL_REQUIRE,,,,,2000,
2026-03-27T15:05:19.465,2026-03-27T15:10:19.849,300.384018,WAIT_RELEASE,-1,-1,1920,1080,0,RELEASE_DWELL_START,,,,,2000,
2026-03-27T15:05:19.465,2026-03-27T15:10:21.850,302.385380,WAIT_RELEASE,-1,-1,1920,1080,0,RELEASE_DWELL_OK,,,,,,2001
2026-03-27T15:05:19.465,2026-03-27T15:10:23.023,303.558364,SHOW,1139,1043,1920,1080,1457,TOUCH_TTL,0,,success,correct,,
2026-03-27T15:05:19.465,2026-03-27T15:10:24.483,305.018461,WAIT_RELEASE,-1,-1,1920,1080,0,RELEASE_DWELL_WILL_REQUIRE,,,,,2000,
2026-03-27T15:05:19.465,2026-03-27T15:10:24.483,305.018511,WAIT_RELEASE,-1,-1,1920,1080,0,RELEASE_DWELL_START,,,,,2000,
2026-03-27T15:05:19.465,2026-03-27T15:10:26.486,307.021456,WAIT_RELEASE,-1,-1,1920,1080,0,RELEASE_DWELL_OK,,,,,,2002
2026-03-27T15:05:19.465,2026-03-27T15:10:38.178,318.713508,SHOW,1139,1043,1920,1080,2382,TOUCH_TTL,0,,success,correct,,
2026-03-27T15:05:19.465,2026-03-27T15:10:40.561,321.096254,WAIT_RELEASE,-1,-1,1920,1080,0,RELEASE_DWELL_WILL_REQUIRE,,,,,2000,
2026-03-27T15:05:19.465,2026-03-27T15:10:40.561,321.096300,WAIT_RELEASE,-1,-1,1920,1080,0,RELEASE_DWELL_START,,,,,2000,
2026-03-27T15:05:19.465,2026-03-27T15:10:42.563,323.098381,WAIT_RELEASE,-1,-1,1920,1080,0,RELEASE_DWELL_OK,,,,,,2002
2026-03-27T15:05:19.465,2026-03-27T15:10:44.887,325.422270,SHOW,1140,1048,1920,1080,1813,TOUCH_TTL,0,,success,correct,,
2026-03-27T15:05:19.465,2026-03-27T15:10:46.704,327.239203,WAIT_RELEASE,-1,-1,1920,1080,0,RELEASE_DWELL_WILL_REQUIRE,,,,,2000,
2026-03-27T15:05:19.465,2026-03-27T15:10:46.704,327.239251,WAIT_RELEASE,-1,-1,1920,1080,0,RELEASE_DWELL_START,,,,,2000,
2026-03-27T15:05:19.465,2026-03-27T15:10:48.708,329.243154,WAIT_RELEASE,-1,-1,1920,1080,0,RELEASE_DWELL_OK,,,,,,2003
2026-03-27T15:05:19.465,2026-03-27T15:10:50.250,330.784877,SHOW,1140,1048,1920,1080,1723,TOUCH_TTL,0,,success,correct,,
2026-03-27T15:05:19.465,2026-03-27T15:10:51.974,332.509753,WAIT_RELEASE,-1,-1,1920,1080,0,RELEASE_DWELL_WILL_REQUIRE,,,,,2000,
2026-03-27T15:05:19.465,2026-03-27T15:10:51.974,332.509801,WAIT_RELEASE,-1,-1,1920,1080,0,RELEASE_DWELL_START,,,,,2000,
2026-03-27T15:05:19.465,2026-03-27T15:10:53.976,334.511360,WAIT_RELEASE,-1,-1,1920,1080,0,RELEASE_DWELL_OK,,,,,,2001
2026-03-27T15:05:19.465,2026-03-27T15:10:54.955,335.490254,SHOW,1140,1052,1920,1080,1635,TOUCH_TTL,0,,success,correct,,
2026-03-27T15:05:19.465,2026-03-27T15:10:56.591,337.126173,WAIT_RELEASE,-1,-1,1920,1080,0,RELEASE_DWELL_WILL_REQUIRE,,,,,2000,
2026-03-27T15:05:19.465,2026-03-27T15:10:56.591,337.126222,WAIT_RELEASE,-1,-1,1920,1080,0,RELEASE_DWELL_START,,,,,2000,
2026-03-27T15:05:19.465,2026-03-27T15:10:58.591,339.126594,WAIT_RELEASE,-1,-1,1920,1080,0,RELEASE_DWELL_OK,,,,,,2000
2026-03-27T15:05:19.465,2026-03-27T15:10:59.593,340.128445,SHOW,1140,1058,1920,1080,1561,TOUCH_TTL,0,,success,correct,,
2026-03-27T15:05:19.465,2026-03-27T15:11:01.157,341.692304,WAIT_RELEASE,-1,-1,1920,1080,0,RELEASE_DWELL_WILL_REQUIRE,,,,,2000,
2026-03-27T15:05:19.465,2026-03-27T15:11:01.157,341.692355,WAIT_RELEASE,-1,-1,1920,1080,0,RELEASE_DWELL_START,,,,,2000,
2026-03-27T15:05:19.465,2026-03-27T15:11:03.161,343.696092,WAIT_RELEASE,-1,-1,1920,1080,0,RELEASE_DWELL_OK,,,,,,2003
2026-03-27T15:05:19.465,2026-03-27T15:11:04.293,344.828600,SHOW,1140,1059,1920,1080,1668,TOUCH_TTL,0,,success,correct,,
2026-03-27T15:05:19.465,2026-03-27T15:11:05.964,346.499807,WAIT_RELEASE,-1,-1,1920,1080,0,RELEASE_DWELL_WILL_REQUIRE,,,,,2000,
2026-03-27T15:05:19.465,2026-03-27T15:11:05.965,346.499855,WAIT_RELEASE,-1,-1,1920,1080,0,RELEASE_DWELL_START,,,,,2000,
2026-03-27T15:05:19.465,2026-03-27T15:11:07.393,348.501628,WAIT_RELEASE,-1,-1,1920,1080,0,RELEASE_DWELL_OK,,,,,,2001
2026-03-27T15:05:19.465,2026-03-27T15:11:08.740,349.848147,SHOW,1140,1061,1920,1080,2378,TOUCH_TTL,0,,success,correct,,
2026-03-27T15:05:19.465,2026-03-27T15:11:11.118,352.226618,WAIT_RELEASE,-1,-1,1920,1080,0,RELEASE_DWELL_WILL_REQUIRE,,,,,2000,
2026-03-27T15:05:19.465,2026-03-27T15:11:11.118,352.226667,WAIT_RELEASE,-1,-1,1920,1080,0,RELEASE_DWELL_START,,,,,2000,
2026-03-27T15:05:19.465,2026-03-27T15:11:13.120,354.228415,WAIT_RELEASE,-1,-1,1920,1080,0,RELEASE_DWELL_OK,,,,,,2001
2026-03-27T15:05:19.465,2026-03-27T15:11:14.609,355.716887,SHOW,1140,1065,1920,1080,2027,TOUCH_TTL,0,,success,correct,,
2026-03-27T15:05:19.465,2026-03-27T15:11:16.638,357.746567,WAIT_RELEASE,-1,-1,1920,1080,0,RELEASE_DWELL_WILL_REQUIRE,,,,,2000,
2026-03-27T15:05:19.465,2026-03-27T15:11:16.638,357.746619,WAIT_RELEASE,-1,-1,1920,1080,0,RELEASE_DWELL_START,,,,,2000,
2026-03-27T15:05:19.465,2026-03-27T15:11:18.641,359.749620,WAIT_RELEASE,-1,-1,1920,1080,0,RELEASE_DWELL_OK,,,,,,2003
2026-03-27T15:05:19.465,2026-03-27T15:11:19.728,360.835979,SHOW,1357,909,1920,1080,1903,TOUCH_TTL,0,,success,correct,,
2026-03-27T15:05:19.465,2026-03-27T15:11:21.633,362.740834,WAIT_RELEASE,-1,-1,1920,1080,0,RELEASE_DWELL_WILL_REQUIRE,,,,,2000,
2026-03-27T15:05:19.465,2026-03-27T15:11:21.633,362.740882,WAIT_RELEASE,-1,-1,1920,1080,0,RELEASE_DWELL_START,,,,,2000,
2026-03-27T15:05:19.465,2026-03-27T15:11:23.633,364.741326,WAIT_RELEASE,-1,-1,1920,1080,0,RELEASE_DWELL_OK,,,,,,2000
2026-03-27T15:05:19.465,2026-03-27T15:11:24.710,365.817939,SHOW,816,782,1920,1080,2101,TOUCH_TTL,0,,success,correct,,
2026-03-27T15:05:19.465,2026-03-27T15:11:26.812,367.919928,WAIT_RELEASE,-1,-1,1920,1080,0,RELEASE_DWELL_WILL_REQUIRE,,,,,2000,
2026-03-27T15:05:19.465,2026-03-27T15:11:26.812,367.919977,WAIT_RELEASE,-1,-1,1920,1080,0,RELEASE_DWELL_START,,,,,2000,
2026-03-27T15:05:19.465,2026-03-27T15:11:28.814,369.922243,WAIT_RELEASE,-1,-1,1920,1080,0,RELEASE_DWELL_OK,,,,,,2002
2026-03-27T15:05:19.465,2026-03-27T15:11:29.900,371.007916,SHOW,825,827,1920,1080,2694,TOUCH_TTL,0,,success,correct,,
2026-03-27T15:05:19.465,2026-03-27T15:11:32.598,373.705982,WAIT_RELEASE,-1,-1,1920,1080,0,RELEASE_DWELL_WILL_REQUIRE,,,,,2000,
2026-03-27T15:05:19.465,2026-03-27T15:11:32.598,373.706030,WAIT_RELEASE,-1,-1,1920,1080,0,RELEASE_DWELL_START,,,,,2000,
2026-03-27T15:05:19.465,2026-03-27T15:11:34.599,375.706873,WAIT_RELEASE,-1,-1,1920,1080,0,RELEASE_DWELL_OK,,,,,,2000
2026-03-27T15:05:19.465,2026-03-27T15:11:35.475,376.583763,SHOW,825,827,1920,1080,1968,TOUCH_TTL,0,,success,correct,,
2026-03-27T15:05:19.465,2026-03-27T15:11:37.445,378.553565,WAIT_RELEASE,-1,-1,1920,1080,0,RELEASE_DWELL_WILL_REQUIRE,,,,,2000,
2026-03-27T15:05:19.465,2026-03-27T15:11:37.445,378.553614,WAIT_RELEASE,-1,-1,1920,1080,0,RELEASE_DWELL_START,,,,,2000,
2026-03-27T15:05:19.465,2026-03-27T15:11:39.447,380.555085,WAIT_RELEASE,-1,-1,1920,1080,0,RELEASE_DWELL_OK,,,,,,2001
2026-03-27T15:05:19.465,2026-03-27T15:11:40.391,381.498849,SHOW,826,827,1920,1080,1966,TOUCH_TTL,0,,success,correct,,
2026-03-27T15:05:19.465,2026-03-27T15:11:42.361,383.468827,WAIT_RELEASE,-1,-1,1920,1080,0,RELEASE_DWELL_WILL_REQUIRE,,,,,2000,
2026-03-27T15:05:19.465,2026-03-27T15:11:42.361,383.468874,WAIT_RELEASE,-1,-1,1920,1080,0,RELEASE_DWELL_START,,,,,2000,
2026-03-27T15:05:19.465,2026-03-27T15:11:44.362,385.470456,WAIT_RELEASE,-1,-1,1920,1080,0,RELEASE_DWELL_OK,,,,,,2001
2026-03-27T15:05:19.465,2026-03-27T15:11:45.248,386.355956,SHOW,826,827,1920,1080,2016,TOUCH_TTL,0,,success,correct,,
2026-03-27T15:05:19.465,2026-03-27T15:11:47.266,388.374367,WAIT_RELEASE,-1,-1,1920,1080,0,RELEASE_DWELL_WILL_REQUIRE,,,,,2000,
2026-03-27T15:05:19.465,2026-03-27T15:11:47.266,388.374414,WAIT_RELEASE,-1,-1,1920,1080,0,RELEASE_DWELL_START,,,,,2000,
2026-03-27T15:05:19.465,2026-03-27T15:11:49.270,390.377966,WAIT_RELEASE,-1,-1,1920,1080,0,RELEASE_DWELL_OK,,,,,,2003
2026-03-27T15:05:19.465,2026-03-27T15:11:50.405,391.512963,SHOW,949,413,1920,1080,1043,TOUCH_TTL,0,,success,correct,,
2026-03-27T15:05:19.465,2026-03-27T15:11:51.449,392.557042,WAIT_RELEASE,-1,-1,1920,1080,0,RELEASE_DWELL_WILL_REQUIRE,,,,,2000,
2026-03-27T15:05:19.465,2026-03-27T15:11:51.449,392.557090,WAIT_RELEASE,-1,-1,1920,1080,0,RELEASE_DWELL_START,,,,,2000,
2026-03-27T15:05:19.465,2026-03-27T15:11:53.450,394.558445,WAIT_RELEASE,-1,-1,1920,1080,0,RELEASE_DWELL_OK,,,,,,2001
2026-03-27T15:05:19.465,2026-03-27T15:11:54.297,395.405433,SHOW,949,413,1920,1080,1981,TOUCH_TTL,0,,success,correct,,
2026-03-27T15:05:19.465,2026-03-27T15:11:56.280,397.387800,WAIT_RELEASE,-1,-1,1920,1080,0,RELEASE_DWELL_WILL_REQUIRE,,,,,2000,
2026-03-27T15:05:19.465,2026-03-27T15:11:56.280,397.387849,WAIT_RELEASE,-1,-1,1920,1080,0,RELEASE_DWELL_START,,,,,2000,
2026-03-27T15:05:19.465,2026-03-27T15:11:58.281,399.389071,WAIT_RELEASE,-1,-1,1920,1080,0,RELEASE_DWELL_OK,,,,,,2001
2026-03-27T15:05:19.465,2026-03-27T15:11:59.234,400.342667,SHOW,949,413,1920,1080,1180,TOUCH_TTL,0,,success,correct,,
2026-03-27T15:05:19.465,2026-03-27T15:12:00.417,401.525362,WAIT_RELEASE,-1,-1,1920,1080,0,RELEASE_DWELL_WILL_REQUIRE,,,,,2000,
2026-03-27T15:05:19.465,2026-03-27T15:12:00.417,401.525412,WAIT_RELEASE,-1,-1,1920,1080,0,RELEASE_DWELL_START,,,,,2000,
2026-03-27T15:05:19.465,2026-03-27T15:12:02.418,403.525904,WAIT_RELEASE,-1,-1,1920,1080,0,RELEASE_DWELL_OK,,,,,,2000
2026-03-27T15:05:19.465,2026-03-27T15:12:03.707,404.814782,SHOW,949,413,1920,1080,2615,TOUCH_TTL,0,,success,correct,,
2026-03-27T15:05:19.465,2026-03-27T15:12:06.323,407.431402,WAIT_RELEASE,-1,-1,1920,1080,0,RELEASE_DWELL_WILL_REQUIRE,,,,,2000,
2026-03-27T15:05:19.465,2026-03-27T15:12:06.323,407.431449,WAIT_RELEASE,-1,-1,1920,1080,0,RELEASE_DWELL_START,,,,,2000,
2026-03-27T15:05:19.465,2026-03-27T15:12:08.325,409.433694,WAIT_RELEASE,-1,-1,1920,1080,0,RELEASE_DWELL_OK,,,,,,2002
2026-03-27T15:05:19.465,2026-03-27T15:12:09.959,411.067345,SHOW,949,413,1920,1080,1957,TOUCH_TTL,0,,success,correct,,
2026-03-27T15:05:19.465,2026-03-27T15:12:11.919,413.027070,WAIT_RELEASE,-1,-1,1920,1080,0,RELEASE_DWELL_WILL_REQUIRE,,,,,2000,
2026-03-27T15:05:19.465,2026-03-27T15:12:11.919,413.027120,WAIT_RELEASE,-1,-1,1920,1080,0,RELEASE_DWELL_START,,,,,2000,
2026-03-27T15:05:19.465,2026-03-27T15:12:13.920,415.027851,WAIT_RELEASE,-1,-1,1920,1080,0,RELEASE_DWELL_OK,,,,,,2000
2026-03-27T15:05:19.465,2026-03-27T15:12:15.151,416.259335,SHOW,949,413,1920,1080,2188,TOUCH_TTL,0,,success,correct,,
2026-03-27T15:05:19.465,2026-03-27T15:12:17.340,418.448768,WAIT_RELEASE,-1,-1,1920,1080,0,RELEASE_DWELL_WILL_REQUIRE,,,,,2000,
2026-03-27T15:05:19.465,2026-03-27T15:12:17.341,418.448823,WAIT_RELEASE,-1,-1,1920,1080,0,RELEASE_DWELL_START,,,,,2000,
2026-03-27T15:05:19.465,2026-03-27T15:12:19.341,420.449733,WAIT_RELEASE,-1,-1,1920,1080,0,RELEASE_DWELL_OK,,,,,,2000
2026-03-27T15:05:19.465,2026-03-27T15:12:20.955,422.063081,SHOW,949,413,1920,1080,2104,TOUCH_TTL,0,,success,correct,,
2026-03-27T15:05:19.465,2026-03-27T15:12:23.060,424.168500,WAIT_RELEASE,-1,-1,1920,1080,0,RELEASE_DWELL_WILL_REQUIRE,,,,,2000,
2026-03-27T15:05:19.465,2026-03-27T15:12:23.060,424.168554,WAIT_RELEASE,-1,-1,1920,1080,0,RELEASE_DWELL_START,,,,,2000,
2026-03-27T15:05:19.465,2026-03-27T15:12:25.062,426.170001,WAIT_RELEASE,-1,-1,1920,1080,0,RELEASE_DWELL_OK,,,,,,2001
2026-03-27T15:05:19.465,2026-03-27T15:12:26.004,427.112114,SHOW,949,413,1920,1080,1544,TOUCH_TTL,0,,success,correct,,
2026-03-27T15:05:19.465,2026-03-27T15:12:27.552,428.659882,WAIT_RELEASE,-1,-1,1920,1080,0,RELEASE_DWELL_WILL_REQUIRE,,,,,2000,
2026-03-27T15:05:19.465,2026-03-27T15:12:27.552,428.659930,WAIT_RELEASE,-1,-1,1920,1080,0,RELEASE_DWELL_START,,,,,2000,
2026-03-27T15:05:19.465,2026-03-27T15:12:29.554,430.662763,WAIT_RELEASE,-1,-1,1920,1080,0,RELEASE_DWELL_OK,,,,,,2002
2026-03-27T15:05:19.465,2026-03-27T15:12:30.757,431.865269,SHOW,949,413,1920,1080,2483,TOUCH_TTL,0,,success,correct,,
2026-03-27T15:05:19.465,2026-03-27T15:12:33.244,434.351781,WAIT_RELEASE,-1,-1,1920,1080,0,RELEASE_DWELL_WILL_REQUIRE,,,,,2000,
2026-03-27T15:05:19.465,2026-03-27T15:12:33.244,434.351828,WAIT_RELEASE,-1,-1,1920,1080,0,RELEASE_DWELL_START,,,,,2000,
2026-03-27T15:05:19.465,2026-03-27T15:12:35.246,436.354148,WAIT_RELEASE,-1,-1,1920,1080,0,RELEASE_DWELL_OK,,,,,,2002
2026-03-27T15:05:19.465,2026-03-27T15:12:36.255,437.363131,SHOW,949,413,1920,1080,2092,TOUCH_TTL,0,,success,correct,,
2026-03-27T15:05:19.465,2026-03-27T15:12:38.350,439.458483,WAIT_RELEASE,-1,-1,1920,1080,0,RELEASE_DWELL_WILL_REQUIRE,,,,,2000,
2026-03-27T15:05:19.465,2026-03-27T15:12:38.350,439.458533,WAIT_RELEASE,-1,-1,1920,1080,0,RELEASE_DWELL_START,,,,,2000,
2026-03-27T15:05:19.465,2026-03-27T15:12:40.351,441.459089,WAIT_RELEASE,-1,-1,1920,1080,0,RELEASE_DWELL_OK,,,,,,2000
2026-03-27T15:05:19.465,2026-03-27T15:12:41.330,442.438159,SHOW,949,413,1920,1080,2750,TOUCH_TTL,0,,success,correct,,
2026-03-27T15:05:19.465,2026-03-27T15:12:44.080,445.188687,WAIT_RELEASE,-1,-1,1920,1080,0,RELEASE_DWELL_WILL_REQUIRE,,,,,2000,
2026-03-27T15:05:19.465,2026-03-27T15:12:44.080,445.188735,WAIT_RELEASE,-1,-1,1920,1080,0,RELEASE_DWELL_START,,,,,2000,
2026-03-27T15:05:19.465,2026-03-27T15:12:46.082,447.189795,WAIT_RELEASE,-1,-1,1920,1080,0,RELEASE_DWELL_OK,,,,,,2001
2026-03-27T15:05:19.465,2026-03-27T15:12:47.661,448.769693,SHOW,949,413,1920,1080,1970,TOUCH_TTL,0,,success,correct,,
2026-03-27T15:05:19.465,2026-03-27T15:12:49.635,450.742914,WAIT_RELEASE,-1,-1,1920,1080,0,RELEASE_DWELL_WILL_REQUIRE,,,,,2000,
2026-03-27T15:05:19.465,2026-03-27T15:12:49.635,450.742964,WAIT_RELEASE,-1,-1,1920,1080,0,RELEASE_DWELL_START,,,,,2000,
2026-03-27T15:05:19.465,2026-03-27T15:12:51.636,452.744024,WAIT_RELEASE,-1,-1,1920,1080,0,RELEASE_DWELL_OK,,,,,,2001
2026-03-27T15:05:19.465,2026-03-27T15:12:55.072,456.179917,SHOW,949,413,1920,1080,1949,TOUCH_TTL,0,,success,correct,,
2026-03-27T15:05:19.465,2026-03-27T15:12:57.021,458.129696,WAIT_RELEASE,-1,-1,1920,1080,0,RELEASE_DWELL_WILL_REQUIRE,,,,,2000,
2026-03-27T15:05:19.465,2026-03-27T15:12:57.021,458.129748,WAIT_RELEASE,-1,-1,1920,1080,0,RELEASE_DWELL_START,,,,,2000,
2026-03-27T15:05:19.465,2026-03-27T15:12:59.022,460.129961,WAIT_RELEASE,-1,-1,1920,1080,0,RELEASE_DWELL_OK,,,,,,2000
2026-03-27T15:05:19.465,2026-03-27T15:13:01.393,462.501554,SHOW,949,413,1920,1080,1455,TOUCH_TTL,0,,success,correct,,
2026-03-27T15:05:19.465,2026-03-27T15:13:02.849,463.957250,WAIT_RELEASE,-1,-1,1920,1080,0,RELEASE_DWELL_WILL_REQUIRE,,,,,2000,
2026-03-27T15:05:19.465,2026-03-27T15:13:02.849,463.957302,WAIT_RELEASE,-1,-1,1920,1080,0,RELEASE_DWELL_START,,,,,2000,
2026-03-27T15:05:19.465,2026-03-27T15:13:04.850,465.958567,WAIT_RELEASE,-1,-1,1920,1080,0,RELEASE_DWELL_OK,,,,,,2001
2026-03-27T15:05:19.465,2026-03-27T15:13:07.404,468.512131,SHOW,949,413,1920,1080,1747,TOUCH_TTL,0,,success,correct,,
2026-03-27T15:05:19.465,2026-03-27T15:13:09.153,470.261536,WAIT_RELEASE,-1,-1,1920,1080,0,RELEASE_DWELL_WILL_REQUIRE,,,,,2000,
2026-03-27T15:05:19.465,2026-03-27T15:13:09.153,470.261587,WAIT_RELEASE,-1,-1,1920,1080,0,RELEASE_DWELL_START,,,,,2000,
2026-03-27T15:05:19.465,2026-03-27T15:13:11.157,472.265421,WAIT_RELEASE,-1,-1,1920,1080,0,RELEASE_DWELL_OK,,,,,,2003
2026-03-27T15:05:19.465,2026-03-27T15:13:12.200,473.308148,SHOW,949,413,1920,1080,1963,TOUCH_TTL,0,,success,correct,,
2026-03-27T15:05:19.465,2026-03-27T15:13:14.165,475.273662,WAIT_RELEASE,-1,-1,1920,1080,0,RELEASE_DWELL_WILL_REQUIRE,,,,,2000,
2026-03-27T15:05:19.465,2026-03-27T15:13:14.165,475.273710,WAIT_RELEASE,-1,-1,1920,1080,0,RELEASE_DWELL_START,,,,,2000,
2026-03-27T15:05:19.465,2026-03-27T15:13:16.167,477.275210,WAIT_RELEASE,-1,-1,1920,1080,0,RELEASE_DWELL_OK,,,,,,2001
2026-03-27T15:05:19.465,2026-03-27T15:13:17.221,478.329210,SHOW,949,413,1920,1080,2208,TOUCH_TTL,0,,success,correct,,
2026-03-27T15:05:19.465,2026-03-27T15:13:19.431,480.539197,WAIT_RELEASE,-1,-1,1920,1080,0,RELEASE_DWELL_WILL_REQUIRE,,,,,2000,
2026-03-27T15:05:19.465,2026-03-27T15:13:19.431,480.539244,WAIT_RELEASE,-1,-1,1920,1080,0,RELEASE_DWELL_START,,,,,2000,
2026-03-27T15:05:19.465,2026-03-27T15:13:21.435,482.543265,WAIT_RELEASE,-1,-1,1920,1080,0,RELEASE_DWELL_OK,,,,,,2004
2026-03-27T15:05:19.465,2026-03-27T15:13:22.851,483.959019,SHOW,949,413,1920,1080,2300,TOUCH_TTL,0,,success,correct,,
2026-03-27T15:05:19.465,2026-03-27T15:13:25.154,486.261845,WAIT_RELEASE,-1,-1,1920,1080,0,RELEASE_DWELL_WILL_REQUIRE,,,,,2000,
2026-03-27T15:05:19.465,2026-03-27T15:13:25.154,486.261895,WAIT_RELEASE,-1,-1,1920,1080,0,RELEASE_DWELL_START,,,,,2000,
2026-03-27T15:05:19.465,2026-03-27T15:13:27.155,488.263696,WAIT_RELEASE,-1,-1,1920,1080,0,RELEASE_DWELL_OK,,,,,,2001
2026-03-27T15:05:19.465,2026-03-27T15:13:28.037,489.145205,SHOW,949,413,1920,1080,1239,TOUCH_TTL,0,,success,correct,,
2026-03-27T15:05:19.465,2026-03-27T15:13:29.276,490.384543,WAIT_RELEASE,-1,-1,1920,1080,0,RELEASE_DWELL_WILL_REQUIRE,,,,,2000,
2026-03-27T15:05:19.465,2026-03-27T15:13:29.276,490.384591,WAIT_RELEASE,-1,-1,1920,1080,0,RELEASE_DWELL_START,,,,,2000,
2026-03-27T15:05:19.465,2026-03-27T15:13:31.278,492.385878,WAIT_RELEASE,-1,-1,1920,1080,0,RELEASE_DWELL_OK,,,,,,2001
2026-03-27T15:05:19.465,2026-03-27T15:13:32.448,493.556288,SHOW,949,413,1920,1080,1896,TOUCH_TTL,0,,success,correct,,
2026-03-27T15:05:19.465,2026-03-27T15:13:34.348,495.456233,WAIT_RELEASE,-1,-1,1920,1080,0,RELEASE_DWELL_WILL_REQUIRE,,,,,2000,
2026-03-27T15:05:19.465,2026-03-27T15:13:34.348,495.456282,WAIT_RELEASE,-1,-1,1920,1080,0,RELEASE_DWELL_START,,,,,2000,
2026-03-27T15:05:19.465,2026-03-27T15:13:36.350,497.457945,WAIT_RELEASE,-1,-1,1920,1080,0,RELEASE_DWELL_OK,,,,,,2001
2026-03-27T15:05:19.465,2026-03-27T15:13:37.291,498.399559,SHOW,949,413,1920,1080,1881,TOUCH_TTL,0,,success,correct,,
2026-03-27T15:05:19.465,2026-03-27T15:13:39.174,500.282506,WAIT_RELEASE,-1,-1,1920,1080,0,RELEASE_DWELL_WILL_REQUIRE,,,,,2000,
2026-03-27T15:05:19.465,2026-03-27T15:13:39.174,500.282555,WAIT_RELEASE,-1,-1,1920,1080,0,RELEASE_DWELL_START,,,,,2000,
2026-03-27T15:05:19.465,2026-03-27T15:13:41.174,502.282676,WAIT_RELEASE,-1,-1,1920,1080,0,RELEASE_DWELL_OK,,,,,,2000
2026-03-27T15:05:19.465,2026-03-27T15:13:42.275,503.383472,SHOW,949,413,1920,1080,1962,TOUCH_TTL,0,,success,correct,,
2026-03-27T15:05:19.465,2026-03-27T15:13:44.238,505.346043,WAIT_RELEASE,-1,-1,1920,1080,0,RELEASE_DWELL_WILL_REQUIRE,,,,,2000,
2026-03-27T15:05:19.465,2026-03-27T15:13:44.238,505.346092,WAIT_RELEASE,-1,-1,1920,1080,0,RELEASE_DWELL_START,,,,,2000,
2026-03-27T15:05:19.465,2026-03-27T15:13:46.240,507.348200,WAIT_RELEASE,-1,-1,1920,1080,0,RELEASE_DWELL_OK,,,,,,2002
2026-03-27T15:05:19.465,2026-03-27T15:13:47.284,508.392703,SHOW,949,413,1920,1080,1912,TOUCH_TTL,0,,success,correct,,
2026-03-27T15:05:19.465,2026-03-27T15:13:49.199,510.306809,WAIT_RELEASE,-1,-1,1920,1080,0,RELEASE_DWELL_WILL_REQUIRE,,,,,2000,
2026-03-27T15:05:19.465,2026-03-27T15:13:49.199,510.306859,WAIT_RELEASE,-1,-1,1920,1080,0,RELEASE_DWELL_START,,,,,2000,
2026-03-27T15:05:19.465,2026-03-27T15:13:51.200,512.307956,WAIT_RELEASE,-1,-1,1920,1080,0,RELEASE_DWELL_OK,,,,,,2001
2026-03-27T15:05:19.465,2026-03-27T15:13:52.180,513.288674,SHOW,949,413,1920,1080,1137,TOUCH_TTL,0,,success,correct,,
2026-03-27T15:05:19.465,2026-03-27T15:13:53.320,514.428564,WAIT_RELEASE,-1,-1,1920,1080,0,RELEASE_DWELL_WILL_REQUIRE,,,,,2000,
2026-03-27T15:05:19.465,2026-03-27T15:13:53.320,514.428613,WAIT_RELEASE,-1,-1,1920,1080,0,RELEASE_DWELL_START,,,,,2000,
2026-03-27T15:05:19.465,2026-03-27T15:13:55.322,516.429830,WAIT_RELEASE,-1,-1,1920,1080,0,RELEASE_DWELL_OK,,,,,,2001
2026-03-27T15:05:19.465,2026-03-27T15:13:57.466,518.574571,SHOW,949,413,1920,1080,1918,TOUCH_TTL,0,,success,correct,,
2026-03-27T15:05:19.465,2026-03-27T15:13:59.386,520.494625,WAIT_RELEASE,-1,-1,1920,1080,0,RELEASE_DWELL_WILL_REQUIRE,,,,,2000,
2026-03-27T15:05:19.465,2026-03-27T15:13:59.386,520.494674,WAIT_RELEASE,-1,-1,1920,1080,0,RELEASE_DWELL_START,,,,,2000,
2026-03-27T15:05:19.465,2026-03-27T15:14:01.387,522.495043,WAIT_RELEASE,-1,-1,1920,1080,0,RELEASE_DWELL_OK,,,,,,2000
2026-03-27T15:05:19.465,2026-03-27T15:14:02.297,523.404847,SHOW,949,413,1920,1080,1653,TOUCH_TTL,0,,success,correct,,
2026-03-27T15:05:19.465,2026-03-27T15:14:03.953,525.061108,WAIT_RELEASE,-1,-1,1920,1080,0,RELEASE_DWELL_WILL_REQUIRE,,,,,2000,
2026-03-27T15:05:19.465,2026-03-27T15:14:03.953,525.061157,WAIT_RELEASE,-1,-1,1920,1080,0,RELEASE_DWELL_START,,,,,2000,
2026-03-27T15:05:19.465,2026-03-27T15:14:05.954,527.062521,WAIT_RELEASE,-1,-1,1920,1080,0,RELEASE_DWELL_OK,,,,,,2001
2026-03-27T15:05:19.465,2026-03-27T15:14:07.063,528.170834,SHOW,949,413,1920,1080,1459,TOUCH_TTL,0,,success,correct,,
2026-03-27T15:05:19.465,2026-03-27T15:14:08.524,529.632401,WAIT_RELEASE,-1,-1,1920,1080,0,RELEASE_DWELL_WILL_REQUIRE,,,,,2000,
2026-03-27T15:05:19.465,2026-03-27T15:14:08.524,529.632450,WAIT_RELEASE,-1,-1,1920,1080,0,RELEASE_DWELL_START,,,,,2000,
2026-03-27T15:05:19.465,2026-03-27T15:14:10.525,531.633661,WAIT_RELEASE,-1,-1,1920,1080,0,RELEASE_DWELL_OK,,,,,,2001
2026-03-27T15:05:19.465,2026-03-27T15:14:11.738,532.846018,SHOW,949,413,1920,1080,1627,TOUCH_TTL,0,,success,correct,,
2026-03-27T15:05:19.465,2026-03-27T15:14:13.365,534.473096,WAIT_RELEASE,-1,-1,1920,1080,0,RELEASE_DWELL_WILL_REQUIRE,,,,,2000,
2026-03-27T15:05:19.465,2026-03-27T15:14:13.365,534.473146,WAIT_RELEASE,-1,-1,1920,1080,0,RELEASE_DWELL_START,,,,,2000,
2026-03-27T15:05:19.465,2026-03-27T15:14:15.367,536.475040,WAIT_RELEASE,-1,-1,1920,1080,0,RELEASE_DWELL_OK,,,,,,2001
2026-03-27T15:05:19.465,2026-03-27T15:14:16.325,537.433224,SHOW,949,413,1920,1080,1092,TOUCH_TTL,0,,success,correct,,
2026-03-27T15:05:19.465,2026-03-27T15:14:17.419,538.527464,WAIT_RELEASE,-1,-1,1920,1080,0,RELEASE_DWELL_WILL_REQUIRE,,,,,2000,
2026-03-27T15:05:19.465,2026-03-27T15:14:17.419,538.527515,WAIT_RELEASE,-1,-1,1920,1080,0,RELEASE_DWELL_START,,,,,2000,
2026-03-27T15:05:19.465,2026-03-27T15:14:19.420,540.527777,WAIT_RELEASE,-1,-1,1920,1080,0,RELEASE_DWELL_OK,,,,,,2000
2026-03-27T15:05:19.465,2026-03-27T15:14:21.473,542.581367,SHOW,949,413,1920,1080,2522,TOUCH_TTL,0,,success,correct,,
2026-03-27T15:05:19.465,2026-03-27T15:14:23.999,545.107326,WAIT_RELEASE,-1,-1,1920,1080,0,RELEASE_DWELL_WILL_REQUIRE,,,,,2000,
2026-03-27T15:05:19.465,2026-03-27T15:14:23.999,545.107374,WAIT_RELEASE,-1,-1,1920,1080,0,RELEASE_DWELL_START,,,,,2000,
2026-03-27T15:05:19.465,2026-03-27T15:14:26.001,547.109633,WAIT_RELEASE,-1,-1,1920,1080,0,RELEASE_DWELL_OK,,,,,,2002
2026-03-27T15:05:19.465,2026-03-27T15:14:26.914,548.022122,SHOW,949,413,1920,1080,1191,TOUCH_TTL,0,,success,correct,,
2026-03-27T15:05:19.465,2026-03-27T15:14:28.109,549.216889,WAIT_RELEASE,-1,-1,1920,1080,0,RELEASE_DWELL_WILL_REQUIRE,,,,,2000,
2026-03-27T15:05:19.465,2026-03-27T15:14:28.109,549.216937,WAIT_RELEASE,-1,-1,1920,1080,0,RELEASE_DWELL_START,,,,,2000,
2026-03-27T15:05:19.465,2026-03-27T15:14:30.112,551.220721,WAIT_RELEASE,-1,-1,1920,1080,0,RELEASE_DWELL_OK,,,,,,2003
2026-03-27T15:05:19.465,2026-03-27T15:14:33.991,555.099362,SHOW,949,413,1920,1080,2131,TOUCH_TTL,0,,success,correct,,
2026-03-27T15:05:19.465,2026-03-27T15:14:36.125,557.232817,WAIT_RELEASE,-1,-1,1920,1080,0,RELEASE_DWELL_WILL_REQUIRE,,,,,2000,
2026-03-27T15:05:19.465,2026-03-27T15:14:36.125,557.232864,WAIT_RELEASE,-1,-1,1920,1080,0,RELEASE_DWELL_START,,,,,2000,
2026-03-27T15:05:19.465,2026-03-27T15:14:38.126,559.234595,WAIT_RELEASE,-1,-1,1920,1080,0,RELEASE_DWELL_OK,,,,,,2001
2026-03-27T15:05:19.465,2026-03-27T15:14:38.992,560.100412,SHOW,949,413,1920,1080,1440,TOUCH_TTL,0,,success,correct,,
2026-03-27T15:05:19.465,2026-03-27T15:14:40.433,561.541099,WAIT_RELEASE,-1,-1,1920,1080,0,RELEASE_DWELL_WILL_REQUIRE,,,,,2000,
2026-03-27T15:05:19.465,2026-03-27T15:14:40.433,561.541148,WAIT_RELEASE,-1,-1,1920,1080,0,RELEASE_DWELL_START,,,,,2000,
2026-03-27T15:05:19.465,2026-03-27T15:14:42.435,563.543624,WAIT_RELEASE,-1,-1,1920,1080,0,RELEASE_DWELL_OK,,,,,,2002
2026-03-27T15:05:19.465,2026-03-27T15:14:43.873,564.981520,SHOW,949,413,1920,1080,2911,TOUCH_TTL,0,,success,correct,,
2026-03-27T15:05:19.465,2026-03-27T15:14:46.784,567.892642,WAIT_RELEASE,-1,-1,1920,1080,0,RELEASE_DWELL_WILL_REQUIRE,,,,,2000,
2026-03-27T15:05:19.465,2026-03-27T15:14:46.784,567.892691,WAIT_RELEASE,-1,-1,1920,1080,0,RELEASE_DWELL_START,,,,,2000,
2026-03-27T15:05:19.465,2026-03-27T15:14:48.785,569.893423,WAIT_RELEASE,-1,-1,1920,1080,0,RELEASE_DWELL_OK,,,,,,2000
2026-03-27T15:05:19.465,2026-03-27T15:14:49.758,570.866231,SHOW,949,413,1920,1080,1539,TOUCH_TTL,0,,success,correct,,
2026-03-27T15:05:19.465,2026-03-27T15:14:51.299,572.407093,WAIT_RELEASE,-1,-1,1920,1080,0,RELEASE_DWELL_WILL_REQUIRE,,,,,2000,
2026-03-27T15:05:19.465,2026-03-27T15:14:51.299,572.407145,WAIT_RELEASE,-1,-1,1920,1080,0,RELEASE_DWELL_START,,,,,2000,
2026-03-27T15:05:19.465,2026-03-27T15:14:53.301,574.409272,WAIT_RELEASE,-1,-1,1920,1080,0,RELEASE_DWELL_OK,,,,,,2002
2026-03-27T15:05:19.465,2026-03-27T15:14:54.619,575.727446,SHOW,949,413,1920,1080,2807,TOUCH_TTL,0,,success,correct,,
2026-03-27T15:05:19.465,2026-03-27T15:14:57.427,578.535083,WAIT_RELEASE,-1,-1,1920,1080,0,RELEASE_DWELL_WILL_REQUIRE,,,,,2000,
2026-03-27T15:05:19.465,2026-03-27T15:14:57.427,578.535136,WAIT_RELEASE,-1,-1,1920,1080,0,RELEASE_DWELL_START,,,,,2000,
2026-03-27T15:05:19.465,2026-03-27T15:14:59.428,580.536032,WAIT_RELEASE,-1,-1,1920,1080,0,RELEASE_DWELL_OK,,,,,,2000
2026-03-27T15:05:19.465,2026-03-27T15:15:00.333,581.441338,SHOW,949,413,1920,1080,2268,TOUCH_TTL,0,,success,correct,,
2026-03-27T15:05:19.465,2026-03-27T15:15:02.603,583.711294,WAIT_RELEASE,-1,-1,1920,1080,0,RELEASE_DWELL_WILL_REQUIRE,,,,,2000,
2026-03-27T15:05:19.465,2026-03-27T15:15:02.603,583.711346,WAIT_RELEASE,-1,-1,1920,1080,0,RELEASE_DWELL_START,,,,,2000,
2026-03-27T15:05:19.465,2026-03-27T15:15:04.604,585.711949,WAIT_RELEASE,-1,-1,1920,1080,0,RELEASE_DWELL_OK,,,,,,2000
2026-03-27T15:05:19.465,2026-03-27T15:15:05.322,586.430369,SHOW,949,413,1920,1080,1802,TOUCH_TTL,0,,success,correct,,
2026-03-27T15:05:19.465,2026-03-27T15:15:07.127,588.235599,WAIT_RELEASE,-1,-1,1920,1080,0,RELEASE_DWELL_WILL_REQUIRE,,,,,2000,
2026-03-27T15:05:19.465,2026-03-27T15:15:07.127,588.235648,WAIT_RELEASE,-1,-1,1920,1080,0,RELEASE_DWELL_START,,,,,2000,
2026-03-27T15:05:19.465,2026-03-27T15:15:09.128,590.235859,WAIT_RELEASE,-1,-1,1920,1080,0,RELEASE_DWELL_OK,,,,,,2000
2026-03-27T15:05:19.465,2026-03-27T15:15:10.261,591.369271,SHOW,949,413,1920,1080,2485,TOUCH_TTL,0,,success,correct,,
2026-03-27T15:05:19.465,2026-03-27T15:15:12.750,593.857971,WAIT_RELEASE,-1,-1,1920,1080,0,RELEASE_DWELL_WILL_REQUIRE,,,,,2000,
2026-03-27T15:05:19.465,2026-03-27T15:15:12.750,593.858022,WAIT_RELEASE,-1,-1,1920,1080,0,RELEASE_DWELL_START,,,,,2000,
2026-03-27T15:05:19.465,2026-03-27T15:15:14.753,595.860849,WAIT_RELEASE,-1,-1,1920,1080,0,RELEASE_DWELL_OK,,,,,,2002
2026-03-27T15:05:19.465,2026-03-27T15:15:15.313,596.421291,SHOW,949,413,1920,1080,1575,TOUCH_TTL,0,,success,correct,,
2026-03-27T15:05:19.465,2026-03-27T15:15:16.889,597.997399,WAIT_RELEASE,-1,-1,1920,1080,0,RELEASE_DWELL_WILL_REQUIRE,,,,,2000,
2026-03-27T15:05:19.465,2026-03-27T15:15:16.889,597.997449,WAIT_RELEASE,-1,-1,1920,1080,0,RELEASE_DWELL_START,,,,,2000,
2026-03-27T15:05:19.465,2026-03-27T15:15:18.892,600.000690,WAIT_RELEASE,-1,-1,1920,1080,0,RELEASE_DWELL_OK,,,,,,2003
2026-03-27T15:05:19.465,2026-03-27T15:15:20.137,601.245422,SHOW,949,413,1920,1080,1180,TOUCH_TTL,0,,success,correct,,
2026-03-27T15:05:19.465,2026-03-27T15:15:21.321,602.429116,WAIT_RELEASE,-1,-1,1920,1080,0,RELEASE_DWELL_WILL_REQUIRE,,,,,2000,
2026-03-27T15:05:19.465,2026-03-27T15:15:21.321,602.429169,WAIT_RELEASE,-1,-1,1920,1080,0,RELEASE_DWELL_START,,,,,2000,
2026-03-27T15:05:19.465,2026-03-27T15:15:23.322,604.430602,WAIT_RELEASE,-1,-1,1920,1080,0,RELEASE_DWELL_OK,,,,,,2001
2026-03-27T15:05:19.465,2026-03-27T15:16:01.456,642.564365,SHOW,949,413,1920,1080,1424,TOUCH_TTL,0,,success,correct,,
2026-03-27T15:05:19.465,2026-03-27T15:16:02.882,643.989844,WAIT_RELEASE,-1,-1,1920,1080,0,RELEASE_DWELL_WILL_REQUIRE,,,,,2000,
2026-03-27T15:05:19.465,2026-03-27T15:16:02.882,643.989895,WAIT_RELEASE,-1,-1,1920,1080,0,RELEASE_DWELL_START,,,,,2000,
2026-03-27T15:05:19.465,2026-03-27T15:16:04.884,645.991805,WAIT_RELEASE,-1,-1,1920,1080,0,RELEASE_DWELL_OK,,,,,,2001
2026-03-27T15:05:19.465,2026-03-27T15:16:05.916,647.024624,SHOW,949,413,1920,1080,2448,TOUCH_TTL,0,,success,correct,,
2026-03-27T15:05:19.465,2026-03-27T15:16:08.368,649.475816,WAIT_RELEASE,-1,-1,1920,1080,0,RELEASE_DWELL_WILL_REQUIRE,,,,,2000,
2026-03-27T15:05:19.465,2026-03-27T15:16:08.368,649.475866,WAIT_RELEASE,-1,-1,1920,1080,0,RELEASE_DWELL_START,,,,,2000,
2026-03-27T15:05:19.465,2026-03-27T15:16:10.368,651.476701,WAIT_RELEASE,-1,-1,1920,1080,0,RELEASE_DWELL_OK,,,,,,2000
2026-03-27T15:05:19.465,2026-03-27T15:16:11.343,652.451524,SHOW,949,413,1920,1080,2182,TOUCH_TTL,0,,success,correct,,
2026-03-27T15:05:19.465,2026-03-27T15:16:13.526,654.634728,WAIT_RELEASE,-1,-1,1920,1080,0,RELEASE_DWELL_WILL_REQUIRE,,,,,2000,
2026-03-27T15:05:19.465,2026-03-27T15:16:13.527,654.634779,WAIT_RELEASE,-1,-1,1920,1080,0,RELEASE_DWELL_START,,,,,2000,
2026-03-27T15:05:19.465,2026-03-27T15:16:15.527,656.634845,WAIT_RELEASE,-1,-1,1920,1080,0,RELEASE_DWELL_OK,,,,,,2000
2026-03-27T15:05:19.465,2026-03-27T15:16:16.646,657.754456,SHOW,949,413,1920,1080,2369,TOUCH_TTL,0,,success,correct,,
2026-03-27T15:05:19.465,2026-03-27T15:16:19.018,660.126570,WAIT_RELEASE,-1,-1,1920,1080,0,RELEASE_DWELL_WILL_REQUIRE,,,,,2000,
2026-03-27T15:05:19.465,2026-03-27T15:16:19.018,660.126621,WAIT_RELEASE,-1,-1,1920,1080,0,RELEASE_DWELL_START,,,,,2000,
2026-03-27T15:05:19.465,2026-03-27T15:16:21.728,662.130501,WAIT_RELEASE,-1,-1,1920,1080,0,RELEASE_DWELL_OK,,,,,,2003
2026-03-27T15:05:19.465,2026-03-27T15:16:22.797,663.199337,SHOW,949,413,1920,1080,2538,TOUCH_TTL,0,,success,correct,,
2026-03-27T15:05:19.465,2026-03-27T15:16:25.337,665.739449,WAIT_RELEASE,-1,-1,1920,1080,0,RELEASE_DWELL_WILL_REQUIRE,,,,,2000,
2026-03-27T15:05:19.465,2026-03-27T15:16:25.337,665.739502,WAIT_RELEASE,-1,-1,1920,1080,0,RELEASE_DWELL_START,,,,,2000,
2026-03-27T15:05:19.465,2026-03-27T15:16:27.339,667.741329,WAIT_RELEASE,-1,-1,1920,1080,0,RELEASE_DWELL_OK,,,,,,2001
2026-03-27T15:05:19.465,2026-03-27T15:16:28.937,669.339068,SHOW,949,413,1920,1080,2554,TOUCH_TTL,0,,success,correct,,
2026-03-27T15:05:19.465,2026-03-27T15:16:31.493,671.895956,WAIT_RELEASE,-1,-1,1920,1080,0,RELEASE_DWELL_WILL_REQUIRE,,,,,2000,
2026-03-27T15:05:19.465,2026-03-27T15:16:31.493,671.896005,WAIT_RELEASE,-1,-1,1920,1080,0,RELEASE_DWELL_START,,,,,2000,
2026-03-27T15:05:19.465,2026-03-27T15:16:33.497,673.899254,WAIT_RELEASE,-1,-1,1920,1080,0,RELEASE_DWELL_OK,,,,,,2003
2026-03-27T15:05:19.465,2026-03-27T15:16:41.026,681.428474,SHOW,949,413,1920,1080,2529,TOUCH_TTL,0,,success,correct,,
2026-03-27T15:05:19.465,2026-03-27T15:16:43.555,683.958005,WAIT_RELEASE,-1,-1,1920,1080,0,RELEASE_DWELL_WILL_REQUIRE,,,,,2000,
2026-03-27T15:05:19.465,2026-03-27T15:16:43.556,683.958056,WAIT_RELEASE,-1,-1,1920,1080,0,RELEASE_DWELL_START,,,,,2000,
2026-03-27T15:05:19.465,2026-03-27T15:16:45.557,685.959387,WAIT_RELEASE,-1,-1,1920,1080,0,RELEASE_DWELL_OK,,,,,,2001
2026-03-27T15:05:19.465,2026-03-27T15:16:46.766,687.168021,SHOW,949,413,1920,1080,2284,TOUCH_TTL,0,,success,correct,,
2026-03-27T15:05:19.465,2026-03-27T15:16:49.052,689.454957,WAIT_RELEASE,-1,-1,1920,1080,0,RELEASE_DWELL_WILL_REQUIRE,,,,,2000,
2026-03-27T15:05:19.465,2026-03-27T15:16:49.052,689.455008,WAIT_RELEASE,-1,-1,1920,1080,0,RELEASE_DWELL_START,,,,,2000,
2026-03-27T15:05:19.465,2026-03-27T15:16:51.056,691.458266,WAIT_RELEASE,-1,-1,1920,1080,0,RELEASE_DWELL_OK,,,,,,2003
2026-03-27T15:05:19.465,2026-03-27T15:16:52.328,692.730854,SHOW,949,413,1920,1080,2513,TOUCH_TTL,0,,success,correct,,
2026-03-27T15:05:19.465,2026-03-27T15:16:54.845,695.247782,WAIT_RELEASE,-1,-1,1920,1080,0,RELEASE_DWELL_WILL_REQUIRE,,,,,2000,
2026-03-27T15:05:19.465,2026-03-27T15:16:54.845,695.247832,WAIT_RELEASE,-1,-1,1920,1080,0,RELEASE_DWELL_START,,,,,2000,
2026-03-27T15:05:19.465,2026-03-27T15:16:56.848,697.250611,WAIT_RELEASE,-1,-1,1920,1080,0,RELEASE_DWELL_OK,,,,,,2002
2026-03-27T15:05:19.465,2026-03-27T15:16:58.142,698.544234,SHOW,949,413,1920,1080,2180,TOUCH_TTL,0,,success,correct,,
2026-03-27T15:05:19.465,2026-03-27T15:17:00.323,700.725649,WAIT_RELEASE,-1,-1,1920,1080,0,RELEASE_DWELL_WILL_REQUIRE,,,,,2000,
2026-03-27T15:05:19.465,2026-03-27T15:17:00.323,700.725701,WAIT_RELEASE,-1,-1,1920,1080,0,RELEASE_DWELL_START,,,,,2000,
2026-03-27T15:05:19.465,2026-03-27T15:17:02.324,702.726388,WAIT_RELEASE,-1,-1,1920,1080,0,RELEASE_DWELL_OK,,,,,,2000
2026-03-27T15:05:19.465,2026-03-27T15:17:03.725,704.127830,SHOW,949,413,1920,1080,1575,TOUCH_TTL,0,,success,correct,,
2026-03-27T15:05:19.465,2026-03-27T15:17:05.301,705.703701,WAIT_RELEASE,-1,-1,1920,1080,0,RELEASE_DWELL_WILL_REQUIRE,,,,,2000,
2026-03-27T15:05:19.465,2026-03-27T15:17:05.301,705.703754,WAIT_RELEASE,-1,-1,1920,1080,0,RELEASE_DWELL_START,,,,,2000,
2026-03-27T15:05:19.465,2026-03-27T15:17:07.302,707.704814,WAIT_RELEASE,-1,-1,1920,1080,0,RELEASE_DWELL_OK,,,,,,2001
2026-03-27T15:05:19.465,2026-03-27T15:17:09.078,709.480138,SHOW,949,413,1920,1080,1188,TOUCH_TTL,0,,success,correct,,
2026-03-27T15:05:19.465,2026-03-27T15:17:10.266,710.668668,WAIT_RELEASE,-1,-1,1920,1080,0,RELEASE_DWELL_WILL_REQUIRE,,,,,2000,
2026-03-27T15:05:19.465,2026-03-27T15:17:10.266,710.668718,WAIT_RELEASE,-1,-1,1920,1080,0,RELEASE_DWELL_START,,,,,2000,
2026-03-27T15:05:19.465,2026-03-27T15:17:12.270,712.672407,WAIT_RELEASE,-1,-1,1920,1080,0,RELEASE_DWELL_OK,,,,,,2003
2026-03-27T15:05:19.465,2026-03-27T15:17:20.648,721.050542,SHOW,949,413,1920,1080,2649,TOUCH_TTL,0,,success,correct,,
2026-03-27T15:05:19.465,2026-03-27T15:17:23.300,723.702396,WAIT_RELEASE,-1,-1,1920,1080,0,RELEASE_DWELL_WILL_REQUIRE,,,,,2000,
2026-03-27T15:05:19.465,2026-03-27T15:17:23.300,723.702446,WAIT_RELEASE,-1,-1,1920,1080,0,RELEASE_DWELL_START,,,,,2000,
2026-03-27T15:05:19.465,2026-03-27T15:17:25.303,725.705315,WAIT_RELEASE,-1,-1,1920,1080,0,RELEASE_DWELL_OK,,,,,,2002
2026-03-27T15:05:19.465,2026-03-27T15:17:26.546,726.948198,SHOW,949,413,1920,1080,1017,TOUCH_TTL,0,,success,correct,,
2026-03-27T15:05:19.465,2026-03-27T15:17:27.566,727.968808,WAIT_RELEASE,-1,-1,1920,1080,0,RELEASE_DWELL_WILL_REQUIRE,,,,,2000,
2026-03-27T15:05:19.465,2026-03-27T15:17:27.566,727.968859,WAIT_RELEASE,-1,-1,1920,1080,0,RELEASE_DWELL_START,,,,,2000,
2026-03-27T15:05:19.465,2026-03-27T15:17:29.569,729.971307,WAIT_RELEASE,-1,-1,1920,1080,0,RELEASE_DWELL_OK,,,,,,2002
2026-03-27T15:05:19.465,2026-03-27T15:17:31.641,732.043760,SHOW,628,420,1920,1080,2225,TOUCH_TTL,0,,success,correct,,
2026-03-27T15:05:19.465,2026-03-27T15:17:33.868,734.270802,WAIT_RELEASE,-1,-1,1920,1080,0,RELEASE_DWELL_WILL_REQUIRE,,,,,2000,
2026-03-27T15:05:19.465,2026-03-27T15:17:33.868,734.270851,WAIT_RELEASE,-1,-1,1920,1080,0,RELEASE_DWELL_START,,,,,2000,
2026-03-27T15:05:19.465,2026-03-27T15:17:35.868,736.270836,WAIT_RELEASE,-1,-1,1920,1080,0,RELEASE_DWELL_OK,,,,,,2000
2026-03-27T15:05:19.465,2026-03-27T15:17:36.955,737.357508,SHOW,499,531,1920,1080,1901,TOUCH_TTL,0,,success,correct,,
2026-03-27T15:05:19.465,2026-03-27T15:17:38.860,739.262540,WAIT_RELEASE,-1,-1,1920,1080,0,RELEASE_DWELL_WILL_REQUIRE,,,,,2000,
2026-03-27T15:05:19.465,2026-03-27T15:17:38.860,739.262591,WAIT_RELEASE,-1,-1,1920,1080,0,RELEASE_DWELL_START,,,,,2000,
2026-03-27T15:05:19.465,2026-03-27T15:17:40.864,741.266319,WAIT_RELEASE,-1,-1,1920,1080,0,RELEASE_DWELL_OK,,,,,,2003
2026-03-27T15:05:19.465,2026-03-27T15:17:42.147,742.549255,SHOW,505,558,1920,1080,2948,TOUCH_TTL,0,,success,correct,,
2026-03-27T15:05:19.465,2026-03-27T15:17:45.096,745.498910,WAIT_RELEASE,-1,-1,1920,1080,0,RELEASE_DWELL_WILL_REQUIRE,,,,,2000,
2026-03-27T15:05:19.465,2026-03-27T15:17:45.096,745.498960,WAIT_RELEASE,-1,-1,1920,1080,0,RELEASE_DWELL_START,,,,,2000,
2026-03-27T15:05:19.465,2026-03-27T15:17:47.099,747.501956,WAIT_RELEASE,-1,-1,1920,1080,0,RELEASE_DWELL_OK,,,,,,2003
2026-03-27T15:05:19.465,2026-03-27T15:17:48.444,748.846512,SHOW,512,577,1920,1080,2050,TOUCH_TTL,0,,success,correct,,
2026-03-27T15:05:19.465,2026-03-27T15:17:50.498,750.900108,WAIT_RELEASE,-1,-1,1920,1080,0,RELEASE_DWELL_WILL_REQUIRE,,,,,2000,
2026-03-27T15:05:19.465,2026-03-27T15:17:50.498,750.900161,WAIT_RELEASE,-1,-1,1920,1080,0,RELEASE_DWELL_START,,,,,2000,
2026-03-27T15:05:19.465,2026-03-27T15:17:52.498,752.900515,WAIT_RELEASE,-1,-1,1920,1080,0,RELEASE_DWELL_OK,,,,,,2000
2026-03-27T15:05:19.465,2026-03-27T15:17:53.698,754.100512,SHOW,515,588,1920,1080,2519,TOUCH_TTL,0,,success,correct,,
2026-03-27T15:05:19.465,2026-03-27T15:17:56.219,756.621602,WAIT_RELEASE,-1,-1,1920,1080,0,RELEASE_DWELL_WILL_REQUIRE,,,,,2000,
2026-03-27T15:05:19.465,2026-03-27T15:17:56.219,756.621653,WAIT_RELEASE,-1,-1,1920,1080,0,RELEASE_DWELL_START,,,,,2000,
2026-03-27T15:05:19.465,2026-03-27T15:17:58.221,758.623743,WAIT_RELEASE,-1,-1,1920,1080,0,RELEASE_DWELL_OK,,,,,,2002
2026-03-27T15:05:19.465,2026-03-27T15:17:59.329,759.731154,SHOW,522,628,1920,1080,1155,TOUCH_TTL,0,,success,correct,,
2026-03-27T15:05:19.465,2026-03-27T15:18:00.485,760.887994,WAIT_RELEASE,-1,-1,1920,1080,0,RELEASE_DWELL_WILL_REQUIRE,,,,,2000,
2026-03-27T15:05:19.465,2026-03-27T15:18:00.486,760.888043,WAIT_RELEASE,-1,-1,1920,1080,0,RELEASE_DWELL_START,,,,,2000,
2026-03-27T15:05:19.465,2026-03-27T15:18:02.486,762.888369,WAIT_RELEASE,-1,-1,1920,1080,0,RELEASE_DWELL_OK,,,,,,2000
2026-03-27T15:05:19.465,2026-03-27T15:18:03.823,764.225150,SHOW,525,633,1920,1080,1523,TOUCH_TTL,0,,success,correct,,
2026-03-27T15:05:19.465,2026-03-27T15:18:05.348,765.750636,WAIT_RELEASE,-1,-1,1920,1080,0,RELEASE_DWELL_WILL_REQUIRE,,,,,2000,
2026-03-27T15:05:19.465,2026-03-27T15:18:05.348,765.750687,WAIT_RELEASE,-1,-1,1920,1080,0,RELEASE_DWELL_START,,,,,2000,
2026-03-27T15:05:19.465,2026-03-27T15:18:07.352,767.754087,WAIT_RELEASE,-1,-1,1920,1080,0,RELEASE_DWELL_OK,,,,,,2003
2026-03-27T15:05:19.465,2026-03-27T15:18:09.351,769.753433,SHOW,526,635,1920,1080,1839,TOUCH_TTL,0,,success,correct,,
2026-03-27T15:05:19.465,2026-03-27T15:18:11.193,771.595858,WAIT_RELEASE,-1,-1,1920,1080,0,RELEASE_DWELL_WILL_REQUIRE,,,,,2000,
2026-03-27T15:05:19.465,2026-03-27T15:18:11.193,771.595908,WAIT_RELEASE,-1,-1,1920,1080,0,RELEASE_DWELL_START,,,,,2000,
2026-03-27T15:05:19.465,2026-03-27T15:18:13.197,773.599811,WAIT_RELEASE,-1,-1,1920,1080,0,RELEASE_DWELL_OK,,,,,,2003
2026-03-27T15:05:19.465,2026-03-27T15:18:14.612,775.014745,SHOW,529,643,1920,1080,1055,TOUCH_TTL,0,,success,correct,,
2026-03-27T15:05:19.465,2026-03-27T15:18:15.671,776.073663,WAIT_RELEASE,-1,-1,1920,1080,0,RELEASE_DWELL_WILL_REQUIRE,,,,,2000,
2026-03-27T15:05:19.465,2026-03-27T15:18:15.671,776.073713,WAIT_RELEASE,-1,-1,1920,1080,0,RELEASE_DWELL_START,,,,,2000,
2026-03-27T15:05:19.465,2026-03-27T15:18:17.673,778.075617,WAIT_RELEASE,-1,-1,1920,1080,0,RELEASE_DWELL_OK,,,,,,2001
2026-03-27T15:05:19.465,2026-03-27T15:18:18.789,779.191535,SHOW,589,509,1920,1080,2475,TOUCH_TTL,0,,success,correct,,
2026-03-27T15:05:19.465,2026-03-27T15:18:21.266,781.668289,WAIT_RELEASE,-1,-1,1920,1080,0,RELEASE_DWELL_WILL_REQUIRE,,,,,2000,
2026-03-27T15:05:19.465,2026-03-27T15:18:21.266,781.668340,WAIT_RELEASE,-1,-1,1920,1080,0,RELEASE_DWELL_START,,,,,2000,
2026-03-27T15:05:19.465,2026-03-27T15:18:23.269,783.671137,WAIT_RELEASE,-1,-1,1920,1080,0,RELEASE_DWELL_OK,,,,,,2002
2026-03-27T15:05:19.465,2026-03-27T15:18:24.287,784.689050,SHOW,594,474,1920,1080,2798,TOUCH_TTL,0,,success,correct,,
2026-03-27T15:05:19.465,2026-03-27T15:18:27.085,787.487940,WAIT_RELEASE,-1,-1,1920,1080,0,RELEASE_DWELL_WILL_REQUIRE,,,,,2000,
2026-03-27T15:05:19.465,2026-03-27T15:18:27.085,787.487991,WAIT_RELEASE,-1,-1,1920,1080,0,RELEASE_DWELL_START,,,,,2000,
2026-03-27T15:05:19.465,2026-03-27T15:18:29.089,789.491476,WAIT_RELEASE,-1,-1,1920,1080,0,RELEASE_DWELL_OK,,,,,,2003
2026-03-27T15:05:19.465,2026-03-27T15:18:30.028,790.430423,SHOW,607,445,1920,1080,1188,TOUCH_TTL,0,,success,correct,,
2026-03-27T15:05:19.465,2026-03-27T15:18:31.219,791.621718,WAIT_RELEASE,-1,-1,1920,1080,0,RELEASE_DWELL_WILL_REQUIRE,,,,,2000,
2026-03-27T15:05:19.465,2026-03-27T15:18:31.219,791.621765,WAIT_RELEASE,-1,-1,1920,1080,0,RELEASE_DWELL_START,,,,,2000,
2026-03-27T15:05:19.465,2026-03-27T15:18:33.220,793.622479,WAIT_RELEASE,-1,-1,1920,1080,0,RELEASE_DWELL_OK,,,,,,2000
2026-03-27T15:05:19.465,2026-03-27T15:18:34.302,794.704604,SHOW,1011,489,1920,1080,1102,TOUCH_TTL,0,,success,correct,,
2026-03-27T15:05:19.465,2026-03-27T15:18:35.408,795.810246,WAIT_RELEASE,-1,-1,1920,1080,0,RELEASE_DWELL_WILL_REQUIRE,,,,,2000,
2026-03-27T15:05:19.465,2026-03-27T15:18:35.408,795.810298,WAIT_RELEASE,-1,-1,1920,1080,0,RELEASE_DWELL_START,,,,,2000,
2026-03-27T15:05:19.465,2026-03-27T15:18:37.410,797.812588,WAIT_RELEASE,-1,-1,1920,1080,0,RELEASE_DWELL_OK,,,,,,2002
2026-03-27T15:05:19.465,2026-03-27T15:18:38.475,798.877485,SHOW,1011,489,1920,1080,1229,TOUCH_TTL,0,,success,correct,,
2026-03-27T15:05:19.465,2026-03-27T15:18:39.705,800.107108,WAIT_RELEASE,-1,-1,1920,1080,0,RELEASE_DWELL_WILL_REQUIRE,,,,,2000,
2026-03-27T15:05:19.465,2026-03-27T15:18:39.705,800.107159,WAIT_RELEASE,-1,-1,1920,1080,0,RELEASE_DWELL_START,,,,,2000,
2026-03-27T15:05:19.465,2026-03-27T15:18:41.708,802.110616,WAIT_RELEASE,-1,-1,1920,1080,0,RELEASE_DWELL_OK,,,,,,2003
2026-03-27T15:05:19.465,2026-03-27T15:18:43.114,803.516828,SHOW,1011,489,1920,1080,1507,TOUCH_TTL,0,,success,correct,,
2026-03-27T15:05:19.465,2026-03-27T15:18:44.624,805.026199,WAIT_RELEASE,-1,-1,1920,1080,0,RELEASE_DWELL_WILL_REQUIRE,,,,,2000,
2026-03-27T15:05:19.465,2026-03-27T15:18:44.624,805.026251,WAIT_RELEASE,-1,-1,1920,1080,0,RELEASE_DWELL_START,,,,,2000,
2026-03-27T15:05:19.465,2026-03-27T15:18:46.627,807.029361,WAIT_RELEASE,-1,-1,1920,1080,0,RELEASE_DWELL_OK,,,,,,2003
2026-03-27T15:05:19.465,2026-03-27T15:18:47.639,808.041184,SHOW,1011,489,1920,1080,2662,TOUCH_TTL,0,,success,correct,,
2026-03-27T15:05:19.465,2026-03-27T15:18:50.302,810.704326,WAIT_RELEASE,-1,-1,1920,1080,0,RELEASE_DWELL_WILL_REQUIRE,,,,,2000,
2026-03-27T15:05:19.465,2026-03-27T15:18:50.302,810.704377,WAIT_RELEASE,-1,-1,1920,1080,0,RELEASE_DWELL_START,,,,,2000,
2026-03-27T15:05:19.465,2026-03-27T15:18:52.304,812.706772,WAIT_RELEASE,-1,-1,1920,1080,0,RELEASE_DWELL_OK,,,,,,2002
2026-03-27T15:05:19.465,2026-03-27T15:18:53.533,813.935961,SHOW,1011,489,1920,1080,2535,TOUCH_TTL,0,,success,correct,,
2026-03-27T15:05:19.465,2026-03-27T15:18:56.072,816.474082,WAIT_RELEASE,-1,-1,1920,1080,0,RELEASE_DWELL_WILL_REQUIRE,,,,,2000,
2026-03-27T15:05:19.465,2026-03-27T15:18:56.072,816.474132,WAIT_RELEASE,-1,-1,1920,1080,0,RELEASE_DWELL_START,,,,,2000,
2026-03-27T15:05:19.465,2026-03-27T15:18:58.072,818.474363,WAIT_RELEASE,-1,-1,1920,1080,0,RELEASE_DWELL_OK,,,,,,2000
2026-03-27T15:05:19.465,2026-03-27T15:18:58.375,818.777168,SHOW,1011,489,1920,1080,2871,TOUCH_TTL,0,,success,correct,,
2026-03-27T15:05:19.465,2026-03-27T15:19:01.247,821.649257,WAIT_RELEASE,-1,-1,1920,1080,0,RELEASE_DWELL_WILL_REQUIRE,,,,,2000,
2026-03-27T15:05:19.465,2026-03-27T15:19:01.247,821.649310,WAIT_RELEASE,-1,-1,1920,1080,0,RELEASE_DWELL_START,,,,,2000,
2026-03-27T15:05:19.465,2026-03-27T15:19:03.250,823.652677,WAIT_RELEASE,-1,-1,1920,1080,0,RELEASE_DWELL_OK,,,,,,2003
2026-03-27T15:05:19.465,2026-03-27T15:19:05.686,826.088700,SHOW,1011,489,1920,1080,1522,TOUCH_TTL,0,,success,correct,,
2026-03-27T15:05:19.465,2026-03-27T15:19:07.211,827.613676,WAIT_RELEASE,-1,-1,1920,1080,0,RELEASE_DWELL_WILL_REQUIRE,,,,,2000,
2026-03-27T15:05:19.465,2026-03-27T15:19:07.211,827.613730,WAIT_RELEASE,-1,-1,1920,1080,0,RELEASE_DWELL_START,,,,,2000,
2026-03-27T15:05:19.465,2026-03-27T15:19:09.212,829.614053,WAIT_RELEASE,-1,-1,1920,1080,0,RELEASE_DWELL_OK,,,,,,2000
2026-03-27T15:05:19.465,2026-03-27T15:19:09.813,830.215058,SHOW,1011,489,1920,1080,2253,TOUCH_TTL,0,,success,correct,,
2026-03-27T15:05:19.465,2026-03-27T15:19:12.068,832.470504,WAIT_RELEASE,-1,-1,1920,1080,0,RELEASE_DWELL_WILL_REQUIRE,,,,,2000,
2026-03-27T15:05:19.465,2026-03-27T15:19:12.068,832.470554,WAIT_RELEASE,-1,-1,1920,1080,0,RELEASE_DWELL_START,,,,,2000,
2026-03-27T15:05:19.465,2026-03-27T15:19:14.069,834.471548,WAIT_RELEASE,-1,-1,1920,1080,0,RELEASE_DWELL_OK,,,,,,2001
